车商名字,发布量*
江苏天泓汽车服务有限公司,43
杭州诚新旧机动车置换有限公司,21
苏州建通汽车销售服务有限公司,20
泉州通海汽车销售服务有限公司,17
河北盛华汽车贸易有限公司,17
河北益通汽车销售服务有限公司,17
苏州华成汽车销售有限公司,15
北京首创森美汽车贸易有限公司,15
大连上通汽车销售有限公司,13
北京达世行汽车销售有限公司,13
上海东昌汽车服务有限公司,12
湖南申湘汽车远大销售有限责任公司,12
枣庄信通汽车销售服务有限公司,11
潍坊润达汽车销售服务有限公司,11
无锡华通汽车销售有限公司,10
河南新纪元汽车销售服务有限公司,10
广州瑞华粤通汽车销售服务有限公司,10
深圳安骅吉通别克,9
深圳市安骅吉通汽车销售服务有限公司,9
山东润通汽车销售有限公司,9
湖北三环海通汽车有限公司,9
承德兴耀汽车销售服务有限公司,9
湖南申湘汽车销售有限责任公司,9
广州安骅汽车贸易有限公司,9
上海永达通美汽车销售服务有限公司,9
浙江申通汽车有限公司,9
山东鸿发森岳汽车销售服务有限公司,8
张家港市森通汽车销售服务有限公司,8
潍坊瑞通汽车销售服务有限公司,8
河北启天汽车销售服务有限公司,7
广西弘通汽车销售服务有限公司,7
新疆天枢汽车销售服务有限公司,6
上海永达汽车南汇销售服务有限公司,6
河南远见别克,6
山西新世纪宝鼎汽车贸易公司,6
广州市广物君豪汽车有限公司,6
广西冠通汽车销售服务有限公司,6
陕西尚德通宝汽车销售服务有限公司,6
江阴市上通汽车销售服务有限公司,6
绍兴冠松二手车有限公司,6
河南众通商务有限公司,5
怀化市吉程汽车贸易有限公司,5
嘉峪关赛亚宏运汽车销售服务有限责任公司,5
青岛成达汽车销售集团有限公司,5
石家庄拓翔销售服务有限公司,4
上海协通百联汽车销售服务有限公司,4
上海云峰金山汽车发展有限公司,4
上海锦骏汽车销售服务有限公司,4
南阳威佳运通汽车销售服务有限公司,4
北京运通博雅汽车销售服务有限公司,3
大连福斯达汽车销售服务有限公司,3
海南洋浦安骅汽车销售服务有限公司,3
福州永达汽车销售服务有限公司,3
重庆中汽沪通汽车有限公司,3
江西运通汽车技术服务有限公司,3
陕西华兴通宝汽车销售服务有限公司,3
石家庄金时邦达汽车贸易有限公司,3
甘肃赛亚汽车销售服务有限公司,3
安阳市新纪元汽车销售服务有限公司,2
河南新希望汽车销售服务有限公司,2
山西汇众汇通汽车销售服务有限公司,2
河南威佳诚新二手车大卖场,2
大连驰敖汽车有限公司,2
深圳市标域汽车销售服务有限公司,2
上海众国同普汽车有限公司,2
广州富通汽车销售服务有限公司,2
深圳市标远汽车有限公司,2
大庆业勤汽车销售服务有限公司,2
青岛润冠汽车销售服务有限公司,2
长治市晶通汽车销售服务有限公司,1
嘉兴永达通诚汽车销售服务有限公司,1
山西友通汽车贸易有限公司,1
惠州安骅别克,1
深圳标远汽车集团有限公司,1
呼和浩特市利丰汽车行有限公司,1
广州市南菱通汽车销售服务有限公司,1
北京加达永通汽车销售有限公司,1
江苏华通汽车销售服务有限公司,1
,538
,35.5
